{
  "cpu": {
    "VQC": {
      "accuracy": 0.5,
      "train_time": 11.254730939865112,
      "backend": "cpu",
      "iterations": 48,
      "losses": [
        1.46221634657928,
        1.4150102254545183,
        1.414558548973654,
        1.1539132033806605,
        1.1586812003038756,
        0.9397111031216936,
        1.4668305774236976,
        1.3721211811899412,
        0.65332747494135,
        0.6191138352309848,
        0.6185416502968538,
        0.5667791256460576,
        1.2543958120759817,
        1.187890721541319,
        0.8389748279538463,
        0.8312678096244687,
        0.7967692216884414,
        0.7204122809410781,
        1.1901837776528725,
        0.8681496191694361,
        0.8373255969008013,
        0.6390828961589958,
        0.6176153984477298,
        0.6164633766651599,
        0.8865264956765195,
        0.6056706309512994,
        0.5441948609681642,
        0.5242233462108903,
        0.5378747393572294,
        0.5186140034643257,
        0.42014895223160564,
        0.43066825786471546,
        0.431051471697142,
        0.43834971464847217,
        0.41354584226652297,
        0.4230554685646096,
        0.5978806838392664,
        0.6027285501846154,
        0.46390580511698076,
        0.4635822440345632,
        0.458042435063696,
        0.46606512144438694,
        1.2106752214094685,
        1.1983822208505714,
        1.1879202435058134,
        1.0742129962262166,
        1.1134813540628536,
        0.9251592119458083
      ]
    },
    "QSVM": {
      "accuracy": 0.85,
      "train_time": 9.377655982971191,
      "backend": "cpu"
    },
    "QNN": {
      "accuracy": 0.45,
      "train_time": 0.7165162563323975,
      "backend": "cpu",
      "iterations": 6,
      "losses": [
        0.6762991262396584,
        0.5635264973712921,
        0.5655623058510765,
        0.3536630421813577,
        0.35017312677450485,
        0.3403298415779171
      ]
    },
    "QCNN": {
      "accuracy": 0.225,
      "train_time": 0.4345238208770752,
      "backend": "cpu",
      "iterations": 3,
      "losses": [
        0.5777590769681717,
        0.5118871180825497,
        0.5028530452350259
      ]
    },
    "QRNN": {
      "accuracy": 0.275,
      "train_time": 0.49599695205688477,
      "backend": "cpu",
      "iterations": 3,
      "losses": [
        0.5037079925985066,
        0.5012261359275708,
        0.4979923146881428
      ]
    },
    "QGAN": {
      "accuracy": 0.7887252717917943,
      "quality_score": 0.7887252717917943,
      "tvd": 0.21127472820820575,
      "kl_divergence": 0.12711134105636424,
      "final_loss": 0.8170427083969116,
      "train_time": 19.15221357345581,
      "backend": "cpu",
      "gen_losses": [
        0.6557599902153015,
        0.6736301183700562,
        0.6862643957138062,
        0.6974542737007141,
        0.7111596465110779,
        0.7200050354003906,
        0.7260714769363403,
        0.7275135517120361,
        0.7221341133117676,
        0.733580470085144,
        0.7383239269256592,
        0.7158071398735046,
        0.7336356043815613,
        0.7445562481880188,
        0.7311856150627136,
        0.7313730120658875,
        0.7519499659538269,
        0.8159704208374023,
        0.8039172291755676,
        0.8170427083969116
      ],
      "disc_losses": [
        1.3932641744613647,
        1.3889403343200684,
        1.3885912895202637,
        1.387143850326538,
        1.381889820098877,
        1.3779478073120117,
        1.376682162284851,
        1.3748853206634521,
        1.3772649765014648,
        1.3618128299713135,
        1.3573561906814575,
        1.3631036281585693,
        1.3463971614837646,
        1.329728364944458,
        1.340999722480774,
        1.3308327198028564,
        1.313737392425537,
        1.2678413391113281,
        1.2780011892318726,
        1.276399850845337
      ]
    }
  },
  "gpu": {
    "VQC": {
      "accuracy": 0.825,
      "train_time": 18.13058590888977,
      "backend": "gpu",
      "iterations": 48,
      "losses": [
        0.8115812315798371,
        0.779504004096246,
        0.7771557270237729,
        0.6720105294059151,
        0.6090930758384775,
        0.6018255898539534,
        0.8217493269673348,
        0.8167606291377473,
        0.7728898641132211,
        0.7065794947704161,
        0.6821802103017014,
        0.6569671890087786,
        1.951554990409513,
        0.7797414303185887,
        0.7035580838146577,
        0.7024034211479228,
        0.6416285178912045,
        0.5801052015204998,
        1.4837286260253655,
        1.5477630172567025,
        1.6656048323143988,
        1.433924314842719,
        1.1913243664433393,
        0.9283127082847532,
        1.9602823955017463,
        1.511628105877237,
        1.4496954942177407,
        1.1672619175642727,
        1.032178867248222,
        0.6516506913607328,
        0.8948331683819509,
        0.8714674732935048,
        0.7173502574635959,
        0.7292204410588463,
        0.6447450443322151,
        0.5617253535415884,
        0.7781140015531471,
        0.7468646447027334,
        0.6137838369433468,
        0.7165594475733118,
        0.5684248882099033,
        0.588959815741284,
        1.8073591552471122,
        1.2417736634094418,
        1.0893369419804373,
        0.7102759189557853,
        0.6832726896776842,
        0.5504011161338205
      ]
    },
    "QSVM": {
      "accuracy": 0.875,
      "train_time": 23.674214839935303,
      "backend": "gpu"
    },
    "QNN": {
      "accuracy": 0.275,
      "train_time": 2.674211025238037,
      "backend": "gpu",
      "iterations": 6,
      "losses": [
        0.5879559931771597,
        0.5835325642802766,
        0.5193608978394403,
        0.4931465515651096,
        0.4770910709900139,
        0.45240983789589073
      ]
    },
    "QCNN": {
      "accuracy": 0.275,
      "train_time": 1.9991724491119385,
      "backend": "gpu",
      "iterations": 3,
      "losses": [
        0.5000265944761774,
        0.5002420633594983,
        0.4990001890101111
      ]
    },
    "QRNN": {
      "accuracy": 0.25,
      "train_time": 1.7697043418884277,
      "backend": "gpu",
      "iterations": 3,
      "losses": [
        0.6264921878559555,
        0.6647755680246432,
        0.5810259482067538
      ]
    },
    "QGAN": {
      "accuracy": 0.7395455836957479,
      "quality_score": 0.7395455836957479,
      "tvd": 0.2604544163042522,
      "kl_divergence": 0.16604276196275927,
      "final_loss": 1.0945194959640503,
      "train_time": 27.506229162216187,
      "backend": "gpu",
      "gen_losses": [
        0.6798815131187439,
        0.6945200562477112,
        0.7077144980430603,
        0.7272011637687683,
        0.7166008353233337,
        0.7172181010246277,
        0.7501022219657898,
        0.7597624063491821,
        0.7612490057945251,
        0.7687402963638306,
        0.7172357439994812,
        0.8412224054336548,
        0.788474977016449,
        0.8137871623039246,
        0.8749133944511414,
        0.9641051292419434,
        0.9694877862930298,
        1.0833309888839722,
        1.0814182758331299,
        1.0945194959640503
      ],
      "disc_losses": [
        1.385667324066162,
        1.378288984298706,
        1.3709170818328857,
        1.357111930847168,
        1.3613646030426025,
        1.3565590381622314,
        1.3255599737167358,
        1.307522177696228,
        1.305321216583252,
        1.2838292121887207,
        1.3119940757751465,
        1.22102689743042,
        1.2525105476379395,
        1.2341551780700684,
        1.211150884628296,
        1.128230094909668,
        1.1404647827148438,
        1.021769404411316,
        1.0418071746826172,
        0.9751894474029541
      ]
    }
  },
  "ibm_quantum_platform": {
    "VQC": {
      "accuracy": 0.6,
      "train_time": 57.912556886672974,
      "backend": "ibm_quantum_platform",
      "iterations": 1,
      "losses": [
        0.9589197356631707
      ]
    },